{"azimuth": 125.70109235352533, "yaw_value": 222.9889751710167}